big_data_skills,maths-stats_skills,coding_skills,ai_and_ml_skills,dashboard_and_storytelling_skills
0.885792899873921,-0.4580709418375369,0.8045688296113421,0.05262827229797271,0.6799732827341404
1.3512272756656623,-1.3996612111702513,0.8045688296113421,0.3522045915325918,-1.3357338669732948
0.6530757119780513,-1.8704563458366086,0.8045688296113421,-2.194194121961668,0.6799732827341404
1.3512272756656623,0.8366156784949459,0.35970138210519514,-2.6435586008135967,-0.7758152142767849
1.3512272756656623,-0.9288660765038941,-1.308551546042854,-0.3967362065539553,0.6799732827341404
-0.39415163355336635,0.24812176016199922,0.35970138210519514,-0.24694804693664507,0.2320383605769321
0.18764133618630988,0.8366156784949459,0.8045688296113421,0.6517809107672109,0.6799732827341404
-0.04507585170956081,0.8366156784949459,-0.6412503747836341,-0.09715988731933618,0.6799732827341404
-0.04507585170956081,0.8366156784949459,0.8045688296113421,0.3522045915325918,0.6799732827341404
-0.39415163355336635,0.1304229764954103,0.8045688296113421,0.05262827229797271,0.6799732827341404
-0.8595860093451072,-0.5757697255041263,-0.1963829272774881,0.501992751149902,-0.6638314837374834
1.3512272756656623,-0.5757697255041263,0.35970138210519514,0.6517809107672109,0.008070899498328982
-1.6740961669806542,-1.0465648601704836,-1.308551546042854,-0.3967362065539553,-2.119619980748409
0.885792899873921,0.8366156784949459,0.24848452022865888,0.6517809107672109,0.6799732827341404
1.2348686817177275,-1.8704563458366086,-0.5300335129070979,0.05262827229797271,0.6799732827341404
0.18764133618630988,0.8366156784949459,0.8045688296113421,0.6517809107672109,0.6799732827341404
-0.8595860093451072,-0.22267337450435853,0.8045688296113421,0.6517809107672109,0.6799732827341404
-0.04507585170956081,0.8366156784949459,0.35970138210519514,0.20241643191528294,0.6799732827341404
0.07128274223837454,-0.34037215817094746,-2.1982864410551475,0.3522045915325918,0.6799732827341404
-0.16143444565749565,0.601218111161767,0.35970138210519514,0.6517809107672109,-1.223750136433993
-0.04507585170956081,0.1304229764954103,-0.9749009604132444,-2.3439822815789775,0.4560058216555362
1.3512272756656623,-0.4580709418375369,0.8045688296113421,-0.5465243661712642,0.6799732827341404
-0.277793039605431,0.8366156784949459,0.8045688296113421,0.6517809107672109,0.6799732827341404
-0.277793039605431,0.8366156784949459,0.8045688296113421,0.6517809107672109,0.6799732827341404
-1.7904547609285895,0.36582054382858814,0.026050796475585388,-1.1456770046405025,0.6799732827341404
-1.4413789790847835,0.8366156784949459,0.8045688296113421,-2.3439822815789775,0.6799732827341404
1.2348686817177275,0.36582054382858814,-2.1982864410551475,0.6517809107672109,0.5679895521948388
-0.277793039605431,-0.34037215817094746,-0.4188166510305611,0.3522045915325918,0.6799732827341404
1.1185100877697916,0.718916894828357,0.6933519677348059,0.3522045915325918,-0.21589656158027515
1.3512272756656623,-0.5757697255041263,-1.0861178222897812,0.6517809107672109,0.008070899498328982
0.6530757119780513,-1.5173599948368408,-1.0861178222897812,0.05262827229797271,-2.3435874418270126
1.2348686817177275,-1.8704563458366086,-0.5300335129070979,0.05262827229797271,0.6799732827341404
1.3512272756656623,-0.8111672928373047,0.8045688296113421,0.20241643191528294,0.2320383605769321
1.3512272756656623,-0.9288660765038941,-1.5309852697959276,-1.5950414834924305,-1.4477175975125969
1.3512272756656623,0.8366156784949459,0.8045688296113421,0.3522045915325918,0.6799732827341404
-0.6268688214492371,0.8366156784949459,0.8045688296113421,0.6517809107672109,0.6799732827341404
1.3512272756656623,-1.6350587785034303,0.35970138210519514,-1.4452533238751208,-1.8956525196698046
1.3512272756656623,-0.10497459083776857,0.8045688296113421,-0.09715988731933618,0.12005463003763055
-0.277793039605431,-0.34037215817094746,0.24848452022865888,0.3522045915325918,0.6799732827341404
0.4203585240821806,-0.5757697255041263,-0.5300335129070979,0.6517809107672109,0.6799732827341404
-0.39415163355336635,0.8366156784949459,0.8045688296113421,0.6517809107672109,0.6799732827341404
-0.6268688214492371,-0.5757697255041263,0.8045688296113421,-1.7448296431097399,-2.119619980748409
1.3512272756656623,-0.5757697255041263,-1.8646358554255373,0.501992751149902,-1.6716850585912009
-0.7432274153971719,0.8366156784949459,0.8045688296113421,0.6517809107672109,0.6799732827341404
-1.092303197240978,0.8366156784949459,0.13726765835212262,0.6517809107672109,0.008070899498328982
-1.4413789790847835,0.8366156784949459,-1.0861178222897812,0.6517809107672109,-0.3278802921195777
-1.092303197240978,-2.1058539131697875,-1.1973346841663175,0.6517809107672109,-0.5518477531981814
-1.092303197240978,0.8366156784949459,-0.4188166510305611,0.6517809107672109,-2.3435874418270126
-1.325020385136848,-1.6350587785034303,0.8045688296113421,-0.9958888450231929,0.6799732827341404
-1.7904547609285895,-2.3412514805029665,-1.8646358554255373,-1.8946178027270495,-1.5597013280518988
0.6530757119780513,-1.7527575621700195,0.8045688296113421,-0.9958888450231929,0.2320383605769321
1.3512272756656623,0.24812176016199922,0.8045688296113421,-0.3967362065539553,0.6799732827341404
1.2348686817177275,0.8366156784949459,0.8045688296113421,0.6517809107672109,0.6799732827341404
0.5367171180301155,0.8366156784949459,0.8045688296113421,0.6517809107672109,0.6799732827341404
-0.39415163355336635,0.8366156784949459,0.13726765835212262,0.3522045915325918,0.6799732827341404
-1.092303197240978,0.8366156784949459,0.5821351058582687,0.6517809107672109,0.6799732827341404
-0.9759446032930426,-1.2819624275036618,0.8045688296113421,-0.8461006854058832,-0.3278802921195777
-0.39415163355336635,0.8366156784949459,0.8045688296113421,0.6517809107672109,0.6799732827341404
-0.277793039605431,0.8366156784949459,0.8045688296113421,0.6517809107672109,0.6799732827341404
-0.04507585170956081,0.8366156784949459,-1.1973346841663175,0.05262827229797271,-2.119619980748409
0.3039999301342447,-1.7527575621700195,-2.1982864410551475,-0.24694804693664507,-0.5518477531981814
-0.9759446032930426,0.8366156784949459,0.8045688296113421,0.6517809107672109,0.6799732827341404
0.6530757119780513,0.8366156784949459,0.13726765835212262,0.6517809107672109,0.6799732827341404
-0.8595860093451072,0.8366156784949459,0.8045688296113421,0.6517809107672109,0.6799732827341404
-0.9759446032930426,0.8366156784949459,0.8045688296113421,0.6517809107672109,0.6799732827341404
0.18764133618630988,0.36582054382858814,0.8045688296113421,0.20241643191528294,0.6799732827341404
0.4203585240821806,0.8366156784949459,0.8045688296113421,-0.09715988731933618,0.6799732827341404
-0.8595860093451072,0.8366156784949459,0.8045688296113421,0.6517809107672109,0.6799732827341404
-0.16143444565749565,0.8366156784949459,0.8045688296113421,0.6517809107672109,0.6799732827341404
-0.8595860093451072,0.8366156784949459,-1.0861178222897812,0.6517809107672109,0.6799732827341404
1.1185100877697916,0.24812176016199922,0.8045688296113421,0.3522045915325918,0.6799732827341404
0.7694343059259862,-1.988155129503198,-1.9758527173020741,-3.5422875585174527,-1.223750136433993
-1.092303197240978,-2.1058539131697875,-1.1973346841663175,0.6517809107672109,-0.5518477531981814
-1.6740961669806542,0.8366156784949459,0.8045688296113421,0.6517809107672109,0.6799732827341404
-1.2086617911889133,0.718916894828357,0.8045688296113421,0.6517809107672109,0.6799732827341404
-0.9759446032930426,0.718916894828357,0.8045688296113421,0.6517809107672109,-1.4477175975125969
0.5367171180301155,0.8366156784949459,0.8045688296113421,0.6517809107672109,0.6799732827341404
-0.8595860093451072,0.8366156784949459,0.8045688296113421,0.6517809107672109,0.6799732827341404
-1.092303197240978,-0.4580709418375369,-1.5309852697959276,0.6517809107672109,0.4560058216555362
-1.092303197240978,0.8366156784949459,-0.4188166510305611,0.6517809107672109,-2.3435874418270126
0.18764133618630988,0.718916894828357,0.8045688296113421,0.6517809107672109,0.6799732827341404
-1.5577375730327188,0.718916894828357,-1.5309852697959276,-2.3439822815789775,-1.6716850585912009
1.3512272756656623,0.48351932749517806,0.8045688296113421,0.6517809107672109,0.6799732827341404
-0.16143444565749565,0.601218111161767,0.35970138210519514,0.6517809107672109,-1.223750136433993
1.3512272756656623,0.601218111161767,0.8045688296113421,-2.3439822815789775,-1.5597013280518988
-0.16143444565749565,0.24812176016199922,-0.4188166510305611,-1.5950414834924305,0.6799732827341404
-1.6740961669806542,0.8366156784949459,0.8045688296113421,0.6517809107672109,0.6799732827341404
0.5367171180301155,-2.3412514805029665,-1.4197684079193909,-1.5950414834924305,0.6799732827341404
-0.9759446032930426,-0.9288660765038941,-1.5309852697959276,0.6517809107672109,0.6799732827341404
0.3039999301342447,0.718916894828357,0.5821351058582687,0.6517809107672109,0.6799732827341404
-0.04507585170956081,0.1304229764954103,-0.9749009604132444,-2.3439822815789775,0.4560058216555362
-1.5577375730327188,0.8366156784949459,-1.1973346841663175,0.6517809107672109,-1.8956525196698046
1.1185100877697916,0.8366156784949459,0.13726765835212262,-2.493770441196287,-0.9997826753553891
0.3039999301342447,-0.5757697255041263,0.8045688296113421,-0.5465243661712642,0.6799732827341404
0.07128274223837454,-1.8704563458366086,-2.309503302931684,0.6517809107672109,0.6799732827341404
0.3039999301342447,0.8366156784949459,0.8045688296113421,0.6517809107672109,0.6799732827341404
-1.5577375730327188,0.01272419282882034,0.8045688296113421,-2.194194121961668,-1.5597013280518988
0.7694343059259862,0.8366156784949459,0.8045688296113421,0.6517809107672109,0.6799732827341404
-0.39415163355336635,-2.223552696836377,0.35970138210519514,0.6517809107672109,-1.6716850585912009
1.3512272756656623,0.36582054382858814,-1.5309852697959276,0.6517809107672109,-0.21589656158027515
1.1185100877697916,0.8366156784949459,-1.9758527173020741,0.6517809107672109,0.6799732827341404
1.3512272756656623,0.1304229764954103,0.8045688296113421,0.6517809107672109,0.6799732827341404
-1.2086617911889133,0.718916894828357,0.8045688296113421,0.6517809107672109,0.6799732827341404
-1.6740961669806542,-1.0465648601704836,-1.308551546042854,-0.3967362065539553,-2.119619980748409
0.5367171180301155,0.8366156784949459,0.4709182439817324,0.6517809107672109,0.6799732827341404
1.3512272756656623,-1.3996612111702513,0.8045688296113421,0.3522045915325918,-1.3357338669732948
-1.2086617911889133,0.8366156784949459,-1.9758527173020741,0.6517809107672109,-1.223750136433993
1.3512272756656623,-0.5757697255041263,-1.0861178222897812,0.6517809107672109,0.008070899498328982
-0.9759446032930426,0.8366156784949459,0.8045688296113421,0.6517809107672109,0.6799732827341404
0.6530757119780513,-1.5173599948368408,-1.0861178222897812,0.05262827229797271,-2.3435874418270126
1.3512272756656623,-0.4580709418375369,0.8045688296113421,-0.5465243661712642,0.6799732827341404
