neuroticism,extraversion,openness_to_experience,agreeableness,conscientiousness
50,33,21,47,27
24,22,26,57,34
33,40,44,39,44
47,22,32,42,57
23,24,39,37,64
34,28,24,22,42
26,54,49,48,60
50,36,31,59,39
31,43,42,59,31
40,21,61,32,54
44,42,42,45,47
50,59,53,20,25
33,50,40,43,55
27,46,24,64,25
20,39,19,25,24
35,46,46,47,56
27,55,45,45,58
29,51,49,49,57
28,54,59,45,53
38,44,47,41,51
34,45,44,46,49
27,61,54,49,66
38,35,42,39,49
42,45,44,46,54
29,62,48,49,55
32,24,42,24,28
42,55,39,55,58
31,41,27,58,41
27,37,55,55,45
22,46,44,60,42
21,60,46,46,57
32,67,31,27,39
36,22,19,62,62
37,22,33,38,35
29,56,42,49,61
23,62,55,49,64
26,51,49,48,59
58,27,64,42,28
56,42,43,50,38
52,41,43,46,49
26,32,37,44,35
42,61,30,53,51
33,50,46,48,53
27,32,47,46,49
41,36,53,43,50
34,47,49,52,53
26,52,29,54,30
32,59,48,49,57
31,31,24,23,44
56,53,25,43,44
32,50,49,45,53
23,47,45,62,38
27,36,35,46,43
28,56,44,49,59
35,51,52,45,54
24,47,32,19,20
21,44,38,32,46
52,40,27,63,45
28,65,18,64,23
65,31,27,29,29
23,46,51,54,52
61,17,41,59,25
37,50,53,41,51
19,46,25,64,22
44,46,43,39,52
18,29,28,37,20
25,58,34,45,18
30,56,41,48,52
26,26,19,34,35
51,56,50,48,44
39,49,47,48,52
33,55,43,55,65
23,48,47,58,61
46,47,45,43,52
35,42,34,29,50
34,54,53,54,40
30,21,40,62,24
39,53,58,49,58
27,25,24,53,45
35,49,53,49,59
40,53,55,41,51
33,42,41,50,47
20,60,61,60,60
29,41,44,43,24
32,59,58,51,60
44,61,39,26,29
44,53,44,30,24
67,34,25,68,52
27,55,60,51,57
68,43,36,26,44
35,54,44,50,57
33,31,30,46,63
54,39,43,38,50
28,33,45,30,21
44,29,20,50,26
31,38,49,43,56
46,30,25,37,51
44,47,46,46,40
46,45,42,22,35
49,45,40,50,58
25,17,43,31,24
62,37,45,43,39
40,22,22,20,29
41,38,48,49,49
47,48,65,44,46
60,37,40,42,56
31,56,53,52,64
35,54,28,42,23
41,39,48,46,59
46,53,58,38,56
39,46,47,50,50
44,28,44,61,27
33,40,28,24,43
44,43,49,46,52
40,54,44,49,62
37,50,52,46,54
34,50,56,39,49
45,51,39,56,53
36,36,55,47,46
39,60,50,47,63
36,46,45,44,54
66,45,49,24,24
27,48,50,50,55
40,26,31,36,43
22,53,55,46,62
36,47,54,52,51
27,60,38,45,40
41,23,21,27,61
